event,num_flights,total_co2_kt
2022 FIFA,939,9.103749203
2023 WEF,655,5.240975299767007
2024 Paris Olympics,2007,12.969502486795148